id,name,city
1,John,New York
2,Jane,London
3,Peter,Tokyo
4,Alice,Paris
5,Bob,Berlin
6,Eve,Rome
7,Charlie,Madrid
8,Sophia,Moscow
9,David,Beijing
10,Olivia,Seoul
11,Michael,Toronto
12,Emma,Sydney
13,James,Cairo
14,Ava,Rio de Janeiro
15,William,Mumbai
16,Mia,Johannesburg
17,Ethan,Mexico City
18,Isabella,Istanbul
19,Alexander,Amsterdam
20,Charlotte,Stockholm
21,Henry,Zurich
22,Amelia,Copenhagen
23,Joseph,Dublin
24,Harper,Oslo
25,Samuel,Helsinki
26,Grace,Vienna
27,Daniel,Prague
28,Chloe,Warsaw
29,Matthew,Budapest
30,Victoria,Athens
31,Andrew,Lisbon
32,Scarlett,Brussels
33,Ryan,Kuala Lumpur
34,Madison,Singapore
35,Owen,Bangkok
36,Lily,Jakarta
37,Gabriel,Manila
38,Eleanor,Ho Chi Minh City
39,Christopher,Buenos Aires
40,Nora,Santiago
41,Nicholas,Lima
42,Hazel,Bogota
43,Benjamin,Caracas
44,Ella,Bras√≠lia
45,Sebastian,Montreal
46,Stella,Vancouver
47,Caleb,Chicago
48,Violet,Los Angeles
49,Jackson,Houston
50,Aurora,Phoenix
51,Jayden,Philadelphia
52,Savannah,San Antonio
53,Lucas,San Diego
54,Bella,Dallas
55,Anthony,San Jose
56,Claire,Austin
57,Isaac,Jacksonville
58,Lucy,Fort Worth
59,Aaron,Columbus
60,Penelope,Charlotte
61,Thomas,Indianapolis
62,Layla,Seattle
63,Jonathan,Denver
64,Riley,Oklahoma City
65,Connor,Nashville
66,Sophie,El Paso
67,Jeremiah,Detroit
68,Gianna,Memphis
69,Adrian,Portland
70,Maya,Las Vegas
71,Cameron,Louisville
72,Natalie,Baltimore
73,Elijah,Milwaukee
74,Paisley,Albuquerque
75,Charles,Tucson
76,Sadie,Fresno
77,Josiah,Sacramento
78,Skylar,Long Beach
79,Jordan,Kansas City
80,Emery,Mesa
81,Kevin,Atlanta
82,Anna,Virginia Beach
83,Brandon,Omaha
84,Samantha,Miami
85,Tyler,Oakland
86,Brooke,Minneapolis
87,Dylan,Tulsa
88,Valerie,Arlington
89,Justin,Tampa
90,Amy,New Orleans
91,Austin,Wichita
92,Brianna,Cleveland
93,Zachary,Bakersfield
94,Morgan,Aurora
95,Adam,Anaheim
96,Sydney,Santa Ana
97,Blake,Riverside
98,Taylor,Corpus Christi
99,Cole,Lexington
100,Addison,St. Louis
101,Carter,Richmond
102,Eleanor,Norfolk
103,Jose,Cincinnati
104,Allison,Pittsburgh
105,Chase,Plano
106,Sarah,Lincoln
107,Christian,Orlando
108,Nevaeh,Greensboro
109,Hunter,Durham
110,Kaylee,Chandler
111,Angel,Henderson
112,Lila,Scottsdale
113,Juan,Madison
114,Abigail,Shreveport
115,Owen,Mobile
116,Audrey,Des Moines
117,Wyatt,Grand Rapids
118,Leah,Tallahassee
119,Luke,Boise
120,Savannah,Huntsville
121,Gavin,Knoxville
122,Brooklyn,Providence
123,Logan,Salt Lake City
124,Claire,Harrisburg
125,Mason,Hartford
126,Julia,Bridgeport
127,Elias,Richmond
128,Kennedy,New Haven
129,Miles,Albany
130,Naomi,Rochester
131,Cooper,Syracuse
132,Peyton,Buffalo
133,Jaxon,Trenton
134,Aaliyah,Camden
135,Kai,Wilmington
136,Bella,Dover
137,Ezra,Annapolis
138,Aubrey,Augusta
139,Jace,Concord
140,Madelyn,Manchester
141,Asher,Montpelier
142,Willow,Burlington
143,Leo,Boston
144,Skylar,Worcester
145,Mateo,Springfield
146,Hazel,Providence
147,Ryan,Hartford
148,Genesis,Bridgeport
149,Isaac,New Haven
150,Nova,Albany
151,Lincoln,Rochester
152,Everly,Syracuse
153,Eli,Buffalo
154,Stella,Trenton
155,Aaron,Camden
156,Emilia,Wilmington
157,Charles,Dover
158,Ellie,Annapolis
159,Connor,Augusta
160,Sofia,Concord
161,Jonathan,Manchester
162,Victoria,Montpelier
163,William,Burlington
164,Grace,Boston
165,Caleb,Worcester
166,Lily,Springfield
167,Samuel,Providence
168,Addison,Hartford
169,Joseph,Bridgeport
170,Luna,New Haven
171,Henry,Albany
172,Claire,Rochester
173,Owen,Syracuse
174,Madeline,Buffalo
175,Wyatt,Trenton
176,Violet,Camden
177,Ethan,Wilmington
178,Savannah,Dover
179,Michael,Annapolis
180,Eleanor,Augusta
181,Alexander,Concord
182,Scarlett,Manchester
183,Daniel,Montpelier
184,Layla,Burlington
185,Benjamin,Boston
186,Chloe,Worcester
187,James,Springfield
188,Aubrey,Providence
189,Sebastian,Hartford
190,Natalie,Bridgeport
191,David,New Haven
192,Eva,Albany
193,Carter,Rochester
194,Penelope,Syracuse
195,Andrew,Buffalo
196,Riley,Trenton
197,Joshua,Camden
198,Stella,Wilmington
199,Gabriel,Dover
200,Brooklyn,Annapolis